Site,Generation,Rep,N,VV/FF,VV/FC,VV/CC,IV/FF,IV/FC,IV/CC,II/FF,II/FC,II/CC
Acp,1,1,50,0,0,0,0,0,12,1,0,37
Acp,1,2,50,0,0,0,0,0,16,0,0,34
Acp,1,3,51,0,0,3,0,0,16,0,0,32
Acp,2,1,50,1,0,4,0,0,13,0,0,32
Acp,2,2,50,3,0,7,0,0,11,0,0,29
Acp,2,3,50,1,0,1,0,0,19,0,0,29
Acp,3,1,50,0,0,2,0,0,18,0,0,30
Acp,3,2,50,1,0,2,0,2,21,0,0,24
Acp,3,3,50,2,0,1,0,8,19,0,0,20
Acp,4,1,50,0,2,4,0,2,20,0,0,22
Acp,4,2,50,0,2,0,0,7,18,0,1,22
Acp,4,3,50,0,3,3,0,4,18,0,0,22
Acp,5,1,50,0,3,3,0,5,15,0,0,24
Acp,5,2,50,0,3,1,0,4,20,0,0,22
Acp,5,3,50,0,4,0,0,4,17,0,0,25
Acp,6,1,50,0,8,0,0,12,9,0,1,20
Acp,6,2,50,0,3,1,0,10,13,0,0,23
Acp,6,3,50,0,3,5,0,8,21,0,0,13
Acp,7,1,50,11,0,0,0,29,0,0,0,10
Acp,7,2,50,2,1,9,0,11,18,0,0,9
Acp,7,3,50,12,1,1,0,22,3,0,0,11
Acp,8,1,50,22,3,0,0,13,5,0,0,7
Acp,8,2,50,14,7,0,0,20,6,0,0,3
Acp,8,3,50,21,5,0,0,20,0,0,0,4